<?xml version="1.0" encoding="UTF-8"?>
<!DOCTYPE suite SYSTEM "https://testng.org/testng-1.0.dtd">
<suite name="Suite">
  <test thread-count="5" name="Test">
    <classes>
      <class name="testcases.BottomlinksTest"/>
      <class name="testcases.BrokenLinksTest"/>
      <class name="testcases.ShopbyDepartmentTest"/>
      <class name="testcases.SearchItemTest"/>
      <class name="testcases.OrderplacedTest"/>
      <class name="testcases.SignTest"/>
      <class name="testcases.NavigatingMenuTest"/>
      <class name="testcases.ShopbyBrandsTest"/>
    </classes>
  </test> <!-- Test -->
</suite> <!-- Suite -->
